{
  "default_kernel_bench": 1.17529,
  "n_series": [
    8,
    16,
    32,
    64,
    128,
    256
  ],
  "tacoverse_build_time": 63.930834102,
  "default_p_series": [
    1.77523,
    0.945622,
    0.431656,
    0.15397,
    0.0347448,
    0.0081264,
    0.00189669,
    0.00034873,
    0.000129072,
    7.067e-5,
    4.4329e-5
  ],
  "auto_p_series": [
    0.0225905,
    0.00609838,
    0.00162241,
    0.000383484,
    7.6291e-5,
    3.1531e-5,
    1.9382e-5,
    1.656e-5,
    1.7404e-5,
    1.5881e-5,
    1.5972e-5
  ],
  "tacotier_length": 23,
  "tacotier_bench": [
    0.0980166,
    0.601604,
    0.601293,
    0.0759731,
    0.0982187,
    0.0759715,
    0.0796803,
    0.0804816,
    0.00988049,
    0.796592,
    0.00986536,
    0.0760182,
    0.0807458,
    0.820944,
    0.0833018,
    0.00986315,
    0.0814584,
    0.0118071,
    0.0118759,
    0.0831961,
    0.0761133,
    0.00988251,
    0.774297
  ],
  "N": 512,
  "tacotier_filter_time": 335.433770632,
  "p_series": [
    0.015625,
    0.0078125,
    0.00390625,
    0.001953125,
    0.0009765625,
    0.00048828125,
    0.000244140625,
    0.0001220703125,
    6.103515625e-5,
    3.0517578125e-5,
    1.52587890625e-5
  ],
  "sample_mean_tacoverse_bench": 0.9359015635000002,
  "default_n_series": [
    1.4841e-5,
    1.4837e-5,
    2.0697e-5,
    0.000169547,
    0.00312698,
    0.0748063
  ],
  "auto_n_series": [
    1.4884e-5,
    1.54e-5,
    1.5875e-5,
    1.9004e-5,
    6.0025e-5,
    0.000766813
  ],
  "tacoverse_length": 768
}
