{
  "default_kernel_bench": 8.19927,
  "frontier_length": 12,
  "n_series": [
    8,
    16,
    32,
    64,
    128,
    256,
    512,
    1024,
    2048
  ],
  "tacoverse_build_time": 0.129307763,
  "default_p_series": [
    12.9024,
    6.40262,
    3.34255,
    1.78789,
    1.01843,
    0.516343,
    0.214667,
    0.0820631,
    0.0173678,
    0.00577667,
    0.00202257
  ],
  "auto_p_series": [
    0.818937,
    0.244097,
    0.0574715,
    0.0125294,
    0.00268757,
    0.000625224,
    0.000186977,
    8.3927e-5,
    4.4571e-5,
    3.1286e-5,
    2.3833e-5
  ],
  "tacotier_length": 4,
  "tacotier_bench": [
    0.393671,
    0.393009,
    0.392707,
    0.393398
  ],
  "N": 4096,
  "tacotier_filter_time": 1.189149833,
  "p_series": [
    0.015625,
    0.0078125,
    0.00390625,
    0.001953125,
    0.0009765625,
    0.00048828125,
    0.000244140625,
    0.0001220703125,
    6.103515625e-5,
    3.0517578125e-5,
    1.52587890625e-5
  ],
  "sample_mean_tacoverse_bench": 3.566224374999999,
  "frontier_filter_time": 7.397437941,
  "default_n_series": [
    1.0523e-5,
    1.0744e-5,
    1.1456e-5,
    1.4777e-5,
    4.4965e-5,
    0.000472197,
    0.00340834,
    0.0303094,
    0.539834
  ],
  "universe_length": 96,
  "auto_n_series": [
    1.1222e-5,
    1.071e-5,
    1.1401e-5,
    1.1757e-5,
    1.5919e-5,
    6.0799e-5,
    0.000558405,
    0.00506061,
    0.0451721
  ],
  "universe_build_time": 0.014358703,
  "tacoverse_length": 16
}
