{
  "default_kernel_bench": 1.71507,
  "frontier_length": 204,
  "n_series": [
    8,
    16,
    32,
    64,
    128,
    256,
    512,
    1024
  ],
  "tacoverse_build_time": 14.419246026,
  "default_p_series": [
    2.7843,
    1.35868,
    0.684198,
    0.368754,
    0.163387,
    0.0600915,
    0.0171103,
    0.0085333,
    0.00464448,
    0.00252378,
    0.00133121
  ],
  "auto_p_series": [
    0.00148511,
    0.00047448,
    0.000226833,
    0.000139715,
    9.6601e-5,
    7.9634e-5,
    6.5003e-5,
    5.4745e-5,
    5.0185e-5,
    4.7409e-5,
    4.6678e-5
  ],
  "tacotier_length": 4,
  "tacotier_bench": [
    0.000662335,
    0.000654349,
    0.00065448,
    0.000658663
  ],
  "N": 2048,
  "tacotier_filter_time": 66.572746457,
  "p_series": [
    0.015625,
    0.0078125,
    0.00390625,
    0.001953125,
    0.0009765625,
    0.00048828125,
    0.000244140625,
    0.0001220703125,
    6.103515625e-5,
    3.0517578125e-5,
    1.52587890625e-5
  ],
  "sample_mean_tacoverse_bench": 1.72829977268,
  "frontier_filter_time": 17753.490252756,
  "default_n_series": [
    1.3491e-5,
    1.3776e-5,
    1.5331e-5,
    2.9411e-5,
    0.000112647,
    0.000944971,
    0.00688788,
    0.0660127
  ],
  "universe_length": 102272,
  "auto_n_series": [
    1.347e-5,
    1.3826e-5,
    1.4061e-5,
    1.4775e-5,
    1.6513e-5,
    2.3022e-5,
    5.2127e-5,
    0.00015604
  ],
  "universe_build_time": 27.229685746,
  "tacoverse_length": 336
}
