{
  "default_kernel_bench": 7.88986,
  "frontier_length": 292,
  "n_series": [
    8,
    16,
    32,
    64,
    128,
    256,
    512,
    1024
  ],
  "tacoverse_build_time": 3.737426462,
  "default_p_series": [
    12.5414,
    5.51001,
    1.75615,
    0.514348,
    0.145422,
    0.0328844,
    0.00722112,
    0.00191091,
    0.000743352,
    0.000383005,
    0.00022028
  ],
  "auto_p_series": [
    0.183296,
    0.115109,
    0.0604747,
    0.039045,
    0.0181361,
    0.0053211,
    0.0020021,
    0.000664317,
    0.000216543,
    8.3051e-5,
    4.0748e-5
  ],
  "tacotier_length": 2,
  "tacotier_bench": [
    0.133877,
    0.135644
  ],
  "N": 2048,
  "tacotier_filter_time": 6.028255677,
  "p_series": [
    0.015625,
    0.0078125,
    0.00390625,
    0.001953125,
    0.0009765625,
    0.00048828125,
    0.000244140625,
    0.0001220703125,
    6.103515625e-5,
    3.0517578125e-5,
    1.52587890625e-5
  ],
  "sample_mean_tacoverse_bench": 0.54951896875,
  "frontier_filter_time": 6836.374069893,
  "default_n_series": [
    1.364e-5,
    1.4486e-5,
    1.4531e-5,
    2.0024e-5,
    9.2706e-5,
    0.00134601,
    0.0171169,
    0.241484
  ],
  "universe_length": 20736,
  "auto_n_series": [
    1.4075e-5,
    1.4556e-5,
    1.6636e-5,
    1.8019e-5,
    4.8561e-5,
    0.000249416,
    0.00172482,
    0.0169659
  ],
  "universe_build_time": 6.434947854,
  "tacoverse_length": 32
}
