{
  "default_kernel_bench": 0.94448,
  "frontier_length": 28,
  "n_series": [
    8,
    16,
    32,
    64,
    128,
    256,
    512,
    1024,
    2048,
    4096,
    8192
  ],
  "tacoverse_build_time": 0.58283804,
  "default_p_series": [
    2.36446,
    0.627055,
    0.175093,
    0.054867,
    0.0171998,
    0.00570456,
    0.00207552,
    0.000812513,
    0.000394711,
    0.000192946,
    9.9548e-5
  ],
  "auto_p_series": [
    0.0179458,
    0.00890199,
    0.00406999,
    0.00199459,
    0.00104194,
    0.000596836,
    0.000460035,
    0.000383407,
    0.000317599,
    0.000226979,
    0.000150769
  ],
  "tacotier_length": 16,
  "tacotier_bench": [
    0.0231623,
    0.0115486,
    0.0115531,
    0.0229029,
    0.0139873,
    0.0143388,
    0.0228798,
    0.0141414,
    0.0138033,
    0.0229274,
    0.0231702,
    0.0114676,
    0.0228128,
    0.0233874,
    0.0115836,
    0.0215921
  ],
  "N": 16384,
  "tacotier_filter_time": 4.118966253,
  "p_series": [
    0.015625,
    0.0078125,
    0.00390625,
    0.001953125,
    0.0009765625,
    0.00048828125,
    0.000244140625,
    0.0001220703125,
    6.103515625e-5,
    3.0517578125e-5,
    1.52587890625e-5
  ],
  "sample_mean_tacoverse_bench": 0.015342426666666667,
  "frontier_filter_time": 17.064966045,
  "default_n_series": [
    1.0298e-5,
    9.931e-6,
    1.0225e-5,
    1.0123e-5,
    1.0763e-5,
    1.4004e-5,
    4.7154e-5,
    0.000254941,
    0.00194966,
    0.0149235,
    0.113474
  ],
  "universe_length": 144,
  "auto_n_series": [
    1.0452e-5,
    1.0672e-5,
    1.0232e-5,
    1.2794e-5,
    1.1796e-5,
    1.4462e-5,
    2.095e-5,
    4.94e-5,
    0.000130008,
    0.00042589,
    0.00196918
  ],
  "universe_build_time": 0.197473843,
  "tacoverse_length": 24
}
