{
  "default_kernel_bench": 0.00379764,
  "frontier_length": 4,
  "n_series": [
    8,
    16,
    32,
    64,
    128,
    256,
    512,
    1024,
    2048,
    4096,
    8192
  ],
  "tacoverse_build_time": 0.02066467,
  "default_p_series": [
    0.00692343,
    0.0029543,
    0.00137315,
    0.000752152,
    0.000441444,
    0.000275068,
    0.000220451,
    0.000179589,
    0.000137818,
    0.000102028,
    6.8203e-5
  ],
  "auto_p_series": [
    0.00707182,
    0.00294769,
    0.0014011,
    0.000811396,
    0.000454292,
    0.000287555,
    0.000228177,
    0.000169468,
    8.913e-5,
    4.546e-5,
    3.2303e-5
  ],
  "tacotier_length": 4,
  "tacotier_bench": [
    0.0063714,
    0.00403866,
    0.00646052,
    0.00382918
  ],
  "N": 16384,
  "tacotier_filter_time": 0.129311368,
  "p_series": [
    0.015625,
    0.0078125,
    0.00390625,
    0.001953125,
    0.0009765625,
    0.00048828125,
    0.000244140625,
    0.0001220703125,
    6.103515625e-5,
    3.0517578125e-5,
    1.52587890625e-5
  ],
  "sample_mean_tacoverse_bench": 0.0050805875,
  "frontier_filter_time": 0.208212447,
  "default_n_series": [
    8.181e-6,
    7.348e-6,
    7.301e-6,
    7.378e-6,
    7.829e-6,
    8.843e-6,
    1.1274e-5,
    2.5863e-5,
    6.5692e-5,
    0.000212705,
    0.000791396
  ],
  "universe_length": 8,
  "auto_n_series": [
    8.232e-6,
    7.745e-6,
    7.365e-6,
    7.909e-6,
    7.846e-6,
    9.073e-6,
    1.1558e-5,
    2.6647e-5,
    6.8655e-5,
    0.000202693,
    0.000811525
  ],
  "universe_build_time": 0.005309516,
  "tacoverse_length": 4
}
